dataid	samplename	studynumber	diagnosis	HCC	(HBsAg, P120T)	(HBsAg, T126A)	(HBsAg, G130N)	(HBsAg, M133T)	(HBsAg, F/Y134L)	(HBsAg, S/T140I/L)	(HBsAg, S/T143L)	(Pol_RT, S78T)	(Pol_RT, L80I/V)	(Pol_RT, T128N)	(Pol_RT, I163V)	(Pol_RT, I169V)	(Pol_RT, V173M)	(Pol_RT, L180M)	(Pol_RT, V191I)	(Pol_RT, A194T)	(Pol_RT, M204I/V)	(Pol_RT, V/L207I)	(Pol_RT, S213T)	(Pol_RT, L217R)	(Pol_RT, L299G)	(Pol_RT, P/T237H)	(Pol_RT, V278I)
wtchgD00007502	B1-1_11611878_SV	11611878 (SV)	Hcc	1	0	0	0	0	0	0	0	0	0	0	0	0	0	1	0	0	1	0	0	0	0	0	0
wtchgD00007503	B1-2_75250225	75250225	Hcc	1	1	0	0	0	0	0	0	0	0	1	0	0	0	0	0	0	0	0	0	0	0	0	0
wtchgD00007504	B1-3_32851677	32851677	Hcc	1	0	0	0	0	0	0	0	0	0	0	0	0	0	0	0	0	0	0	0	0	0	0	0
wtchgD00007505	B1-4_120656822	120656822	Hcc	1	0	0	0	0	0	0	0	0	0	0	0	0	0	0	0	0	0	0	0	0	0	0	0
wtchgD00007506	B1-5_124498643	124498643	Hcc	1	0	1	0	0	0	0	0	0	0	0	0	0	0	0	0	0	0	0	0	0	0	0	0
wtchgD00007507	B1-6_45892247	45892247	Hcc	1	0	0	0	0	0	0	0	0	0	0	0	0	0	1	0	0	1	0	0	1	0	0	0
wtchgD00007535	A1-1_48300073	48300073	Hcc	1	NA	NA	NA	NA	NA	NA	NA	0	0	0	0	0	0	0	0	0	0	0	0	0	0	0	0
wtchgD00007536	A1-2_43236447	43236447	Hcc	1	0	0	0	0	0	0	1	0	0	0	0	0	0	0	0	0	0	0	0	0	0	0	0
wtchgD00007537	A1-6_25092750	25092750	Hcc	1	0	0	0	0	0	0	0	0	0	0	0	0	0	0	0	0	0	0	0	0	0	0	0
wtchgD00007538	A1-8_133982934	133982934	Hcc	1	1	0	0	0	0	0	0	0	0	1	0	0	0	0	0	0	0	0	0	0	0	0	0
wtchgD00007539	B2-2_LF078	LF078	CHB	0	0	0	0	0	0	0	0	0	0	0	0	0	0	0	0	0	0	0	0	0	0	0	0
wtchgD00007540	B2-4_LF101	LF101	CHB	0	0	0	0	0	0	0	0	0	0	0	0	0	0	0	0	0	0	0	0	0	0	0	0
wtchgD00007541	C1-1_LF005	LF005	CHB	0	0	0	0	0	0	1	0	0	0	0	0	0	0	0	0	0	0	0	0	0	0	0	0
wtchgD10001005	n-HCC12	LF030	CHB	0	NA	NA	NA	NA	NA	NA	NA	NA	NA	NA	NA	NA	NA	NA	NA	NA	NA	NA	NA	NA	NA	NA	NA
wtchgD10001006	HCC1	146065859	HCC	1	NA	NA	NA	NA	NA	NA	NA	NA	NA	NA	NA	NA	NA	NA	NA	NA	NA	NA	NA	NA	NA	NA	NA
wtchgD10001007	HCC2	139421994	HCC	1	0	0	0	0	0	0	0	0	0	0	0	0	0	0	0	0	0	0	0	0	0	0	0
wtchgD10001008	HCC3	eAg Pos	control	0	0	0	0	0	0	0	0	0	0	0	0	0	0	0	0	0	0	0	0	0	0	0	0
wtchgD10001009	HCC4	124197328	HCC	1	0	0	0	0	0	0	0	0	1	0	0	0	0	1	0	0	1	0	0	0	0	0	0
wtchgD10001010	HCC5	80367998	HCC	1	0	0	0	0	0	0	0	0	0	0	0	0	0	0	0	0	0	0	0	0	0	0	0
wtchgD10001011	HCC6	115269169	HCC	1	0	0	0	0	0	0	0	0	0	0	0	0	0	0	0	0	0	0	0	0	0	0	0
wtchgD10001012	HCC7	44382299	HCC	1	0	0	0	0	0	0	0	0	0	0	0	0	0	0	0	0	0	0	0	0	0	1	0
wtchgD10001013	HCC8	122647191	HCC	1	0	0	0	0	0	0	0	0	0	0	0	0	0	0	0	0	0	0	0	0	0	0	0
wtchgD10001014	HCC9	462999000	HCC	1	0	0	0	0	0	0	0	0	0	0	0	1	0	0	0	0	0	0	0	0	0	0	0
wtchgD10001015	HCC10	35178789	HCC	1	NA	NA	NA	NA	NA	NA	NA	NA	NA	NA	NA	NA	NA	NA	NA	NA	NA	NA	NA	NA	NA	NA	NA
wtchgD10001017	n-HCC14	LF057	CHB	0	0	0	0	0	0	0	0	0	0	0	0	0	0	0	0	0	0	0	0	0	0	0	0
wtchgD10001019	n-HCC13	LF045	CHB	0	0	0	0	0	0	0	0	0	0	0	0	0	0	0	0	0	0	0	0	0	0	0	0
wtchgD10001020	n-HCC15	LF063	CHB	0	NA	NA	NA	NA	NA	NA	NA	NA	NA	NA	NA	NA	NA	NA	NA	NA	NA	NA	NA	NA	NA	NA	NA
wtchgD10001021	n-HCC16	LF088	CHB	0	0	0	0	0	0	0	0	0	0	0	1	0	0	0	0	0	0	0	0	1	0	0	0
wtchgD10001022	n-HCC17	LF091	CHB	0	NA	NA	NA	NA	NA	NA	NA	0	0	0	0	0	0	0	0	0	0	0	0	0	0	0	0
wtchgD10001023	n-HCC18	LF133	CHB	0	0	0	0	0	0	0	0	0	0	0	0	0	0	0	0	0	0	0	0	0	0	0	0
wtchgD10001024	n-HCC19	LF009	CHB	0	0	0	0	0	0	0	0	0	0	0	0	0	0	0	0	0	0	0	0	0	0	0	0
wtchgD10001025	n-HCC20	LF011	CHB	0	NA	NA	NA	NA	NA	NA	NA	0	0	0	0	0	0	0	0	0	0	0	0	0	0	0	0
