region	polymorphism	Freq HCC	Freq non-HCC
HBsAg	P120T	2/16 (12.5%)	0/9 (0.0%)
HBsAg	T126A	1/16 (6.2%)	0/9 (0.0%)
HBsAg	G130N	0/16 (0.0%)	0/9 (0.0%)
HBsAg	M133T	0/16 (0.0%)	0/9 (0.0%)
HBsAg	F/Y134L	0/16 (0.0%)	0/9 (0.0%)
HBsAg	S/T140I/L	0/16 (0.0%)	1/9 (11.1%)
HBsAg	S/T143L	1/16 (6.2%)	0/9 (0.0%)
Pol_RT	S78T	0/17 (0.0%)	0/11 (0.0%)
Pol_RT	L80I/V	1/17 (5.9%)	0/11 (0.0%)
Pol_RT	T128N	2/17 (11.8%)	0/11 (0.0%)
Pol_RT	I163V	0/17 (0.0%)	1/11 (9.1%)
Pol_RT	I169V	1/17 (5.9%)	0/11 (0.0%)
Pol_RT	V173M	0/17 (0.0%)	0/11 (0.0%)
Pol_RT	L180M	3/17 (17.6%)	0/11 (0.0%)
Pol_RT	V191I	0/17 (0.0%)	0/11 (0.0%)
Pol_RT	A194T	0/17 (0.0%)	0/11 (0.0%)
Pol_RT	M204I/V	3/17 (17.6%)	0/11 (0.0%)
Pol_RT	V/L207I	0/17 (0.0%)	0/11 (0.0%)
Pol_RT	S213T	0/17 (0.0%)	0/11 (0.0%)
Pol_RT	L217R	1/17 (5.9%)	1/11 (9.1%)
Pol_RT	L299G	0/17 (0.0%)	0/11 (0.0%)
Pol_RT	P/T237H	1/17 (5.9%)	0/11 (0.0%)
Pol_RT	V278I	0/17 (0.0%)	0/11 (0.0%)
